Cluster,Age,Height,Weight,FCVC,NCP,CH2O,FAF,TUE
0,25.56135382291667,1.7247576516927083,96.88136213671875,2.428130083984375,2.6952195397135417,2.103606110677083,0.9677237005208333,0.619076927734375
1,20.976798147826084,1.640022852173913,59.084167761739124,2.394768859130435,2.660006260869565,1.7526488486956522,1.1240257947826087,0.7614831373913044
